meeting_id,title,starttime
7,Title,2021-06-16 06:00:13
8,Title,2021-06-16 06:00:13
9,Python,2021-09-16 09:00:13
10,Flask Meeting,2021-12-21 15:30:05
11,Python,2011-09-16 09:00:13
12,Python,2011-09-16 10:00:13
13,Python,2011-09-16 10:00:13
14,Flask Meeting,2021-12-21 15:30:05
15,Meeting,2021-05-05 10:00:13
16,Meeting,2022-05-05 10:00:13
17,Flask Meeting,2021-01-21 15:30:05
18,Flask Meeting,2021-01-21 15:30:05
19,Flask Meeting,2021-01-21 15:30:05
20,Flask Meeting,2021-01-21 15:30:05
21,Flask Meeting,2021-01-21 15:30:05
24,Flask Meeting,2021-01-21 15:30:05
25,Flask Meeting,2021-01-21 15:30:05
26,Flask Meeting,2021-01-21 15:30:05
27,Flask Meeting,2021-01-21 15:30:05
28,Flask Meeting,2021-01-21 15:30:05
29,Flask Meeting,2021-01-21 15:30:05
30,Flask Meeting1,2021-01-21 15:30:05
31,Flask Meeting1,2021-01-21 15:30:05
32,Flask Meeting1,2021-01-21 15:30:05
33,Flask Meeting1,2021-01-21 15:30:05
34,Flask Meeting1,2021-01-21 15:30:05
35,Flask Meeting1,2021-01-21 15:30:05
36,Meeting,2022-05-05 10:00:13
